{"assets/icons/47_launcher_icon.png":["assets/icons/47_launcher_icon.png"],"assets/icons/Burma.png":["assets/icons/Burma.png"],"assets/icons/Ch-8.png":["assets/icons/Ch-8.png"],"assets/icons/Chinese.png":["assets/icons/Chinese.png"],"assets/icons/Lock.png":["assets/icons/Lock.png"],"assets/icons/MMflag.jpg":["assets/icons/MMflag.jpg"],"assets/icons/OT.png":["assets/icons/OT.png"],"assets/icons/Pinlon.png":["assets/icons/Pinlon.png"],"assets/icons/Route_Direction.png":["assets/icons/Route_Direction.png"],"assets/icons/Thai.png":["assets/icons/Thai.png"],"assets/icons/Tora.png":["assets/icons/Tora.png"],"assets/icons/acc_delete.png":["assets/icons/acc_delete.png"],"assets/icons/acc_delete_icon.png":["assets/icons/acc_delete_icon.png"],"assets/icons/ads_no_image.png":["assets/icons/ads_no_image.png"],"assets/icons/app_version_update_fiori.png":["assets/icons/app_version_update_fiori.png"],"assets/icons/app_version_update_mrchef.png":["assets/icons/app_version_update_mrchef.png"],"assets/icons/approved_waiting.png":["assets/icons/approved_waiting.png"],"assets/icons/approved_waiting_image.png":["assets/icons/approved_waiting_image.png"],"assets/icons/arrow_left_1.png":["assets/icons/arrow_left_1.png"],"assets/icons/benefit_icon.png":["assets/icons/benefit_icon.png"],"assets/icons/benefit_icon1.png":["assets/icons/benefit_icon1.png"],"assets/icons/besto_app_logo.png":["assets/icons/besto_app_logo.png"],"assets/icons/besto_app_logo_1.png":["assets/icons/besto_app_logo_1.png"],"assets/icons/book_date.png":["assets/icons/book_date.png"],"assets/icons/book_note.png":["assets/icons/book_note.png"],"assets/icons/book_time.png":["assets/icons/book_time.png"],"assets/icons/booking_cancel_alert_icon.png":["assets/icons/booking_cancel_alert_icon.png"],"assets/icons/booking_cancel_icon.png":["assets/icons/booking_cancel_icon.png"],"assets/icons/booking_show_icon.png":["assets/icons/booking_show_icon.png"],"assets/icons/calender.png":["assets/icons/calender.png"],"assets/icons/cam_flag.png":["assets/icons/cam_flag.png"],"assets/icons/cam_logo.png":["assets/icons/cam_logo.png"],"assets/icons/card_1.png":["assets/icons/card_1.png"],"assets/icons/cherryk.jpg":["assets/icons/cherryk.jpg"],"assets/icons/cherryk.png":["assets/icons/cherryk.png"],"assets/icons/cherryk_app_logo.png":["assets/icons/cherryk_app_logo.png"],"assets/icons/cherryk_logo.jpg":["assets/icons/cherryk_logo.jpg"],"assets/icons/china_flag.png":["assets/icons/china_flag.png"],"assets/icons/claim_rewards.png":["assets/icons/claim_rewards.png"],"assets/icons/company_burma_47.png":["assets/icons/company_burma_47.png"],"assets/icons/company_chapter_8.png":["assets/icons/company_chapter_8.png"],"assets/icons/company_chinese_47.png":["assets/icons/company_chinese_47.png"],"assets/icons/company_group_47.png":["assets/icons/company_group_47.png"],"assets/icons/company_olive_twist.png":["assets/icons/company_olive_twist.png"],"assets/icons/company_pinlon_house.png":["assets/icons/company_pinlon_house.png"],"assets/icons/company_thai_47.png":["assets/icons/company_thai_47.png"],"assets/icons/company_tora.png":["assets/icons/company_tora.png"],"assets/icons/cong_example.json":["assets/icons/cong_example.json"],"assets/icons/cong_icon_image.png":["assets/icons/cong_icon_image.png"],"assets/icons/contact_facebook.png":["assets/icons/contact_facebook.png"],"assets/icons/contact_instagram.png":["assets/icons/contact_instagram.png"],"assets/icons/contact_link_icon.png":["assets/icons/contact_link_icon.png"],"assets/icons/contact_telegram.png":["assets/icons/contact_telegram.png"],"assets/icons/contact_tiktok.png":["assets/icons/contact_tiktok.png"],"assets/icons/contact_us.png":["assets/icons/contact_us.png"],"assets/icons/contact_us_address.png":["assets/icons/contact_us_address.png"],"assets/icons/contact_us_email.png":["assets/icons/contact_us_email.png"],"assets/icons/contact_us_phone.png":["assets/icons/contact_us_phone.png"],"assets/icons/contact_viber.png":["assets/icons/contact_viber.png"],"assets/icons/contact_viber_merchant.png":["assets/icons/contact_viber_merchant.png"],"assets/icons/contact_website.png":["assets/icons/contact_website.png"],"assets/icons/contact_youtube.png":["assets/icons/contact_youtube.png"],"assets/icons/coupon_1.png":["assets/icons/coupon_1.png"],"assets/icons/crown_reward.png":["assets/icons/crown_reward.png"],"assets/icons/daily_promotion.png":["assets/icons/daily_promotion.png"],"assets/icons/dark_mode_icon.png":["assets/icons/dark_mode_icon.png"],"assets/icons/def_img.png":["assets/icons/def_img.png"],"assets/icons/delete_acc.png":["assets/icons/delete_acc.png"],"assets/icons/delete_recent_icon.png":["assets/icons/delete_recent_icon.png"],"assets/icons/discount.png":["assets/icons/discount.png"],"assets/icons/discount_coupon.png":["assets/icons/discount_coupon.png"],"assets/icons/discount_icon_2.png":["assets/icons/discount_icon_2.png"],"assets/icons/discount_ticket.png":["assets/icons/discount_ticket.png"],"assets/icons/dropUp.png":["assets/icons/dropUp.png"],"assets/icons/dropdown.png":["assets/icons/dropdown.png"],"assets/icons/earn_point.png":["assets/icons/earn_point.png"],"assets/icons/earn_pts.png":["assets/icons/earn_pts.png"],"assets/icons/edit_p.png":["assets/icons/edit_p.png"],"assets/icons/email_p.png":["assets/icons/email_p.png"],"assets/icons/explore.png":["assets/icons/explore.png"],"assets/icons/f_b_group.png":["assets/icons/f_b_group.png"],"assets/icons/facebook.png":["assets/icons/facebook.png"],"assets/icons/faq_p.png":["assets/icons/faq_p.png"],"assets/icons/feedback.png":["assets/icons/feedback.png"],"assets/icons/filter.png":["assets/icons/filter.png"],"assets/icons/filter_ads.png":["assets/icons/filter_ads.png"],"assets/icons/final_fiori_icon.png":["assets/icons/final_fiori_icon.png"],"assets/icons/fioriCard.png":["assets/icons/fioriCard.png"],"assets/icons/fioriCard_new_logo.png":["assets/icons/fioriCard_new_logo.png"],"assets/icons/first_check.png":["assets/icons/first_check.png"],"assets/icons/first_close.png":["assets/icons/first_close.png"],"assets/icons/first_screen_bg_3.png":["assets/icons/first_screen_bg_3.png"],"assets/icons/first_screen_bg_cherryk.jpg":["assets/icons/first_screen_bg_cherryk.jpg"],"assets/icons/flash.png":["assets/icons/flash.png"],"assets/icons/gallery_burma.png":["assets/icons/gallery_burma.png"],"assets/icons/gift.gif":["assets/icons/gift.gif"],"assets/icons/gift.png":["assets/icons/gift.png"],"assets/icons/gift_2.gif":["assets/icons/gift_2.gif"],"assets/icons/gmail.png":["assets/icons/gmail.png"],"assets/icons/google-icon.png":["assets/icons/google-icon.png"],"assets/icons/grid_p.png":["assets/icons/grid_p.png"],"assets/icons/help_p.png":["assets/icons/help_p.png"],"assets/icons/home.png":["assets/icons/home.png"],"assets/icons/instagram.png":["assets/icons/instagram.png"],"assets/icons/key.png":["assets/icons/key.png"],"assets/icons/kudos-logo.png":["assets/icons/kudos-logo.png"],"assets/icons/lang_p.png":["assets/icons/lang_p.png"],"assets/icons/list_p.png":["assets/icons/list_p.png"],"assets/icons/location.png":["assets/icons/location.png"],"assets/icons/location_pin.png":["assets/icons/location_pin.png"],"assets/icons/location_pin1.png":["assets/icons/location_pin1.png"],"assets/icons/logo_p.png":["assets/icons/logo_p.png"],"assets/icons/logout_gold_black.png":["assets/icons/logout_gold_black.png"],"assets/icons/logout_p.png":["assets/icons/logout_p.png"],"assets/icons/map1.png":["assets/icons/map1.png"],"assets/icons/medi_logo.png":["assets/icons/medi_logo.png"],"assets/icons/menu.png":["assets/icons/menu.png"],"assets/icons/menu_food.png":["assets/icons/menu_food.png"],"assets/icons/merchant.png":["assets/icons/merchant.png"],"assets/icons/mrchef.png":["assets/icons/mrchef.png"],"assets/icons/mrchef_logo.png":["assets/icons/mrchef_logo.png"],"assets/icons/myan_flag.png":["assets/icons/myan_flag.png"],"assets/icons/no-tickets.png":["assets/icons/no-tickets.png"],"assets/icons/no_inter_img.png":["assets/icons/no_inter_img.png"],"assets/icons/no_item_view.png":["assets/icons/no_item_view.png"],"assets/icons/no_menu_view.png":["assets/icons/no_menu_view.png"],"assets/icons/no_promotion.png":["assets/icons/no_promotion.png"],"assets/icons/no_promotion_transparent.png":["assets/icons/no_promotion_transparent.png"],"assets/icons/no_wifi_img.png":["assets/icons/no_wifi_img.png"],"assets/icons/not_available_item.png":["assets/icons/not_available_item.png"],"assets/icons/noti.png":["assets/icons/noti.png"],"assets/icons/noti_copy.png":["assets/icons/noti_copy.png"],"assets/icons/otp_image.png":["assets/icons/otp_image.png"],"assets/icons/otp_image_bg.png":["assets/icons/otp_image_bg.png"],"assets/icons/overlap_cards_2.png":["assets/icons/overlap_cards_2.png"],"assets/icons/phone1.png":["assets/icons/phone1.png"],"assets/icons/phone_call_icon.png":["assets/icons/phone_call_icon.png"],"assets/icons/photo.png":["assets/icons/photo.png"],"assets/icons/point_expired.png":["assets/icons/point_expired.png"],"assets/icons/point_p.png":["assets/icons/point_p.png"],"assets/icons/point_rewards_coin.png":["assets/icons/point_rewards_coin.png"],"assets/icons/profile.jpeg":["assets/icons/profile.jpeg"],"assets/icons/progressIcon.png":["assets/icons/progressIcon.png"],"assets/icons/promo_discount.png":["assets/icons/promo_discount.png"],"assets/icons/purchase.png":["assets/icons/purchase.png"],"assets/icons/qr_background.png":["assets/icons/qr_background.png"],"assets/icons/qr_code.png":["assets/icons/qr_code.png"],"assets/icons/redeem2.png":["assets/icons/redeem2.png"],"assets/icons/redeem_pts.png":["assets/icons/redeem_pts.png"],"assets/icons/refresh.png":["assets/icons/refresh.png"],"assets/icons/remark.png":["assets/icons/remark.png"],"assets/icons/search.png":["assets/icons/search.png"],"assets/icons/search_2.png":["assets/icons/search_2.png"],"assets/icons/selectedF.png":["assets/icons/selectedF.png"],"assets/icons/shop.png":["assets/icons/shop.png"],"assets/icons/sort2.png":["assets/icons/sort2.png"],"assets/icons/sort_1.png":["assets/icons/sort_1.png"],"assets/icons/sort_2.png":["assets/icons/sort_2.png"],"assets/icons/sort_3.png":["assets/icons/sort_3.png"],"assets/icons/sort_4.png":["assets/icons/sort_4.png"],"assets/icons/splash_bg.jpg":["assets/icons/splash_bg.jpg"],"assets/icons/stamp_background.png":["assets/icons/stamp_background.png"],"assets/icons/stamp_fill.png":["assets/icons/stamp_fill.png"],"assets/icons/streetF_logo.jpg":["assets/icons/streetF_logo.jpg"],"assets/icons/streetF_logo_icon.png":["assets/icons/streetF_logo_icon.png"],"assets/icons/tAndC.png":["assets/icons/tAndC.png"],"assets/icons/telegram_icon.png":["assets/icons/telegram_icon.png"],"assets/icons/thai47_branches_icon.png":["assets/icons/thai47_branches_icon.png"],"assets/icons/thai47_circle_logo.png":["assets/icons/thai47_circle_logo.png"],"assets/icons/thai47_fb_group.png":["assets/icons/thai47_fb_group.png"],"assets/icons/thai47_first_show.png":["assets/icons/thai47_first_show.png"],"assets/icons/thai47_logo.png":["assets/icons/thai47_logo.png"],"assets/icons/thai47_logo_image.jpg":["assets/icons/thai47_logo_image.jpg"],"assets/icons/thai_catering.png":["assets/icons/thai_catering.png"],"assets/icons/thai_fourty_seven.png":["assets/icons/thai_fourty_seven.png"],"assets/icons/thai_gallery.png":["assets/icons/thai_gallery.png"],"assets/icons/thai_menu.png":["assets/icons/thai_menu.png"],"assets/icons/theme_p.png":["assets/icons/theme_p.png"],"assets/icons/ticket_done.png":["assets/icons/ticket_done.png"],"assets/icons/tiktok.png":["assets/icons/tiktok.png"],"assets/icons/time_ads_icon.png":["assets/icons/time_ads_icon.png"],"assets/icons/time_drop_down.png":["assets/icons/time_drop_down.png"],"assets/icons/trans.png":["assets/icons/trans.png"],"assets/icons/transP.png":["assets/icons/transP.png"],"assets/icons/transfer.png":["assets/icons/transfer.png"],"assets/icons/uk_flag.png":["assets/icons/uk_flag.png"],"assets/icons/url_config.png":["assets/icons/url_config.png"],"assets/icons/user_1.png":["assets/icons/user_1.png"],"assets/icons/user_icon.png":["assets/icons/user_icon.png"],"assets/icons/wallet_p.png":["assets/icons/wallet_p.png"],"assets/icons/website.png":["assets/icons/website.png"],"assets/icons/welcome_point.png":["assets/icons/welcome_point.png"],"assets/icons/welcome_points.png":["assets/icons/welcome_points.png"],"assets/icons/welcome_pts.png":["assets/icons/welcome_pts.png"],"assets/icons/youtube_icon.png":["assets/icons/youtube_icon.png"],"assets/icons/yves.png":["assets/icons/yves.png"],"assets/icons/yves2025.jpg":["assets/icons/yves2025.jpg"],"assets/icons/yves_app_logo.png":["assets/icons/yves_app_logo.png"],"assets/icons/yves_color_circle.png":["assets/icons/yves_color_circle.png"],"assets/icons/yves_contact_us.png":["assets/icons/yves_contact_us.png"],"assets/icons/yves_first_show.jpg":["assets/icons/yves_first_show.jpg"],"assets/icons/yves_icon.png":["assets/icons/yves_icon.png"],"assets/icons/yves_login_2.png":["assets/icons/yves_login_2.png"],"assets/icons/yves_login_image.jpeg":["assets/icons/yves_login_image.jpeg"],"assets/icons/yves_login_logo.png":["assets/icons/yves_login_logo.png"],"assets/icons/yves_rocher.jpg":["assets/icons/yves_rocher.jpg"],"assets/icons/yves_splash.png":["assets/icons/yves_splash.png"],"assets/icons/yves_splash_center.png":["assets/icons/yves_splash_center.png"],"assets/icons/yves_splash_top.png":["assets/icons/yves_splash_top.png"],"assets/icons/yves_splash_top_white.png":["assets/icons/yves_splash_top_white.png"],"assets/pdf/about_us.pdf":["assets/pdf/about_us.pdf"],"lib/lang/ca.json":["lib/lang/ca.json"],"lib/lang/en.json":["lib/lang/en.json"],"lib/lang/my.json":["lib/lang/my.json"],"lib/lang/zh.json":["lib/lang/zh.json"],"packages/cupertino_icons/assets/CupertinoIcons.ttf":["packages/cupertino_icons/assets/CupertinoIcons.ttf"],"packages/flutter_js/assets/js/fetch.js":["packages/flutter_js/assets/js/fetch.js"],"packages/fluttertoast/assets/toastify.css":["packages/fluttertoast/assets/toastify.css"],"packages/fluttertoast/assets/toastify.js":["packages/fluttertoast/assets/toastify.js"],"packages/intl_phone_field/assets/flags/ad.png":["packages/intl_phone_field/assets/flags/ad.png"],"packages/intl_phone_field/assets/flags/ae.png":["packages/intl_phone_field/assets/flags/ae.png"],"packages/intl_phone_field/assets/flags/af.png":["packages/intl_phone_field/assets/flags/af.png"],"packages/intl_phone_field/assets/flags/ag.png":["packages/intl_phone_field/assets/flags/ag.png"],"packages/intl_phone_field/assets/flags/ai.png":["packages/intl_phone_field/assets/flags/ai.png"],"packages/intl_phone_field/assets/flags/al.png":["packages/intl_phone_field/assets/flags/al.png"],"packages/intl_phone_field/assets/flags/am.png":["packages/intl_phone_field/assets/flags/am.png"],"packages/intl_phone_field/assets/flags/an.png":["packages/intl_phone_field/assets/flags/an.png"],"packages/intl_phone_field/assets/flags/ao.png":["packages/intl_phone_field/assets/flags/ao.png"],"packages/intl_phone_field/assets/flags/aq.png":["packages/intl_phone_field/assets/flags/aq.png"],"packages/intl_phone_field/assets/flags/ar.png":["packages/intl_phone_field/assets/flags/ar.png"],"packages/intl_phone_field/assets/flags/as.png":["packages/intl_phone_field/assets/flags/as.png"],"packages/intl_phone_field/assets/flags/at.png":["packages/intl_phone_field/assets/flags/at.png"],"packages/intl_phone_field/assets/flags/au.png":["packages/intl_phone_field/assets/flags/au.png"],"packages/intl_phone_field/assets/flags/aw.png":["packages/intl_phone_field/assets/flags/aw.png"],"packages/intl_phone_field/assets/flags/ax.png":["packages/intl_phone_field/assets/flags/ax.png"],"packages/intl_phone_field/assets/flags/az.png":["packages/intl_phone_field/assets/flags/az.png"],"packages/intl_phone_field/assets/flags/ba.png":["packages/intl_phone_field/assets/flags/ba.png"],"packages/intl_phone_field/assets/flags/bb.png":["packages/intl_phone_field/assets/flags/bb.png"],"packages/intl_phone_field/assets/flags/bd.png":["packages/intl_phone_field/assets/flags/bd.png"],"packages/intl_phone_field/assets/flags/be.png":["packages/intl_phone_field/assets/flags/be.png"],"packages/intl_phone_field/assets/flags/bf.png":["packages/intl_phone_field/assets/flags/bf.png"],"packages/intl_phone_field/assets/flags/bg.png":["packages/intl_phone_field/assets/flags/bg.png"],"packages/intl_phone_field/assets/flags/bh.png":["packages/intl_phone_field/assets/flags/bh.png"],"packages/intl_phone_field/assets/flags/bi.png":["packages/intl_phone_field/assets/flags/bi.png"],"packages/intl_phone_field/assets/flags/bj.png":["packages/intl_phone_field/assets/flags/bj.png"],"packages/intl_phone_field/assets/flags/bl.png":["packages/intl_phone_field/assets/flags/bl.png"],"packages/intl_phone_field/assets/flags/bm.png":["packages/intl_phone_field/assets/flags/bm.png"],"packages/intl_phone_field/assets/flags/bn.png":["packages/intl_phone_field/assets/flags/bn.png"],"packages/intl_phone_field/assets/flags/bo.png":["packages/intl_phone_field/assets/flags/bo.png"],"packages/intl_phone_field/assets/flags/bq.png":["packages/intl_phone_field/assets/flags/bq.png"],"packages/intl_phone_field/assets/flags/br.png":["packages/intl_phone_field/assets/flags/br.png"],"packages/intl_phone_field/assets/flags/bs.png":["packages/intl_phone_field/assets/flags/bs.png"],"packages/intl_phone_field/assets/flags/bt.png":["packages/intl_phone_field/assets/flags/bt.png"],"packages/intl_phone_field/assets/flags/bv.png":["packages/intl_phone_field/assets/flags/bv.png"],"packages/intl_phone_field/assets/flags/bw.png":["packages/intl_phone_field/assets/flags/bw.png"],"packages/intl_phone_field/assets/flags/by.png":["packages/intl_phone_field/assets/flags/by.png"],"packages/intl_phone_field/assets/flags/bz.png":["packages/intl_phone_field/assets/flags/bz.png"],"packages/intl_phone_field/assets/flags/ca.png":["packages/intl_phone_field/assets/flags/ca.png"],"packages/intl_phone_field/assets/flags/cc.png":["packages/intl_phone_field/assets/flags/cc.png"],"packages/intl_phone_field/assets/flags/cd.png":["packages/intl_phone_field/assets/flags/cd.png"],"packages/intl_phone_field/assets/flags/cf.png":["packages/intl_phone_field/assets/flags/cf.png"],"packages/intl_phone_field/assets/flags/cg.png":["packages/intl_phone_field/assets/flags/cg.png"],"packages/intl_phone_field/assets/flags/ch.png":["packages/intl_phone_field/assets/flags/ch.png"],"packages/intl_phone_field/assets/flags/ci.png":["packages/intl_phone_field/assets/flags/ci.png"],"packages/intl_phone_field/assets/flags/ck.png":["packages/intl_phone_field/assets/flags/ck.png"],"packages/intl_phone_field/assets/flags/cl.png":["packages/intl_phone_field/assets/flags/cl.png"],"packages/intl_phone_field/assets/flags/cm.png":["packages/intl_phone_field/assets/flags/cm.png"],"packages/intl_phone_field/assets/flags/cn.png":["packages/intl_phone_field/assets/flags/cn.png"],"packages/intl_phone_field/assets/flags/co.png":["packages/intl_phone_field/assets/flags/co.png"],"packages/intl_phone_field/assets/flags/cr.png":["packages/intl_phone_field/assets/flags/cr.png"],"packages/intl_phone_field/assets/flags/cu.png":["packages/intl_phone_field/assets/flags/cu.png"],"packages/intl_phone_field/assets/flags/cv.png":["packages/intl_phone_field/assets/flags/cv.png"],"packages/intl_phone_field/assets/flags/cw.png":["packages/intl_phone_field/assets/flags/cw.png"],"packages/intl_phone_field/assets/flags/cx.png":["packages/intl_phone_field/assets/flags/cx.png"],"packages/intl_phone_field/assets/flags/cy.png":["packages/intl_phone_field/assets/flags/cy.png"],"packages/intl_phone_field/assets/flags/cz.png":["packages/intl_phone_field/assets/flags/cz.png"],"packages/intl_phone_field/assets/flags/de.png":["packages/intl_phone_field/assets/flags/de.png"],"packages/intl_phone_field/assets/flags/dj.png":["packages/intl_phone_field/assets/flags/dj.png"],"packages/intl_phone_field/assets/flags/dk.png":["packages/intl_phone_field/assets/flags/dk.png"],"packages/intl_phone_field/assets/flags/dm.png":["packages/intl_phone_field/assets/flags/dm.png"],"packages/intl_phone_field/assets/flags/do.png":["packages/intl_phone_field/assets/flags/do.png"],"packages/intl_phone_field/assets/flags/dz.png":["packages/intl_phone_field/assets/flags/dz.png"],"packages/intl_phone_field/assets/flags/ec.png":["packages/intl_phone_field/assets/flags/ec.png"],"packages/intl_phone_field/assets/flags/ee.png":["packages/intl_phone_field/assets/flags/ee.png"],"packages/intl_phone_field/assets/flags/eg.png":["packages/intl_phone_field/assets/flags/eg.png"],"packages/intl_phone_field/assets/flags/eh.png":["packages/intl_phone_field/assets/flags/eh.png"],"packages/intl_phone_field/assets/flags/er.png":["packages/intl_phone_field/assets/flags/er.png"],"packages/intl_phone_field/assets/flags/es.png":["packages/intl_phone_field/assets/flags/es.png"],"packages/intl_phone_field/assets/flags/et.png":["packages/intl_phone_field/assets/flags/et.png"],"packages/intl_phone_field/assets/flags/eu.png":["packages/intl_phone_field/assets/flags/eu.png"],"packages/intl_phone_field/assets/flags/fi.png":["packages/intl_phone_field/assets/flags/fi.png"],"packages/intl_phone_field/assets/flags/fj.png":["packages/intl_phone_field/assets/flags/fj.png"],"packages/intl_phone_field/assets/flags/fk.png":["packages/intl_phone_field/assets/flags/fk.png"],"packages/intl_phone_field/assets/flags/fm.png":["packages/intl_phone_field/assets/flags/fm.png"],"packages/intl_phone_field/assets/flags/fo.png":["packages/intl_phone_field/assets/flags/fo.png"],"packages/intl_phone_field/assets/flags/fr.png":["packages/intl_phone_field/assets/flags/fr.png"],"packages/intl_phone_field/assets/flags/ga.png":["packages/intl_phone_field/assets/flags/ga.png"],"packages/intl_phone_field/assets/flags/gb-eng.png":["packages/intl_phone_field/assets/flags/gb-eng.png"],"packages/intl_phone_field/assets/flags/gb-nir.png":["packages/intl_phone_field/assets/flags/gb-nir.png"],"packages/intl_phone_field/assets/flags/gb-sct.png":["packages/intl_phone_field/assets/flags/gb-sct.png"],"packages/intl_phone_field/assets/flags/gb-wls.png":["packages/intl_phone_field/assets/flags/gb-wls.png"],"packages/intl_phone_field/assets/flags/gb.png":["packages/intl_phone_field/assets/flags/gb.png"],"packages/intl_phone_field/assets/flags/gd.png":["packages/intl_phone_field/assets/flags/gd.png"],"packages/intl_phone_field/assets/flags/ge.png":["packages/intl_phone_field/assets/flags/ge.png"],"packages/intl_phone_field/assets/flags/gf.png":["packages/intl_phone_field/assets/flags/gf.png"],"packages/intl_phone_field/assets/flags/gg.png":["packages/intl_phone_field/assets/flags/gg.png"],"packages/intl_phone_field/assets/flags/gh.png":["packages/intl_phone_field/assets/flags/gh.png"],"packages/intl_phone_field/assets/flags/gi.png":["packages/intl_phone_field/assets/flags/gi.png"],"packages/intl_phone_field/assets/flags/gl.png":["packages/intl_phone_field/assets/flags/gl.png"],"packages/intl_phone_field/assets/flags/gm.png":["packages/intl_phone_field/assets/flags/gm.png"],"packages/intl_phone_field/assets/flags/gn.png":["packages/intl_phone_field/assets/flags/gn.png"],"packages/intl_phone_field/assets/flags/gp.png":["packages/intl_phone_field/assets/flags/gp.png"],"packages/intl_phone_field/assets/flags/gq.png":["packages/intl_phone_field/assets/flags/gq.png"],"packages/intl_phone_field/assets/flags/gr.png":["packages/intl_phone_field/assets/flags/gr.png"],"packages/intl_phone_field/assets/flags/gs.png":["packages/intl_phone_field/assets/flags/gs.png"],"packages/intl_phone_field/assets/flags/gt.png":["packages/intl_phone_field/assets/flags/gt.png"],"packages/intl_phone_field/assets/flags/gu.png":["packages/intl_phone_field/assets/flags/gu.png"],"packages/intl_phone_field/assets/flags/gw.png":["packages/intl_phone_field/assets/flags/gw.png"],"packages/intl_phone_field/assets/flags/gy.png":["packages/intl_phone_field/assets/flags/gy.png"],"packages/intl_phone_field/assets/flags/hk.png":["packages/intl_phone_field/assets/flags/hk.png"],"packages/intl_phone_field/assets/flags/hm.png":["packages/intl_phone_field/assets/flags/hm.png"],"packages/intl_phone_field/assets/flags/hn.png":["packages/intl_phone_field/assets/flags/hn.png"],"packages/intl_phone_field/assets/flags/hr.png":["packages/intl_phone_field/assets/flags/hr.png"],"packages/intl_phone_field/assets/flags/ht.png":["packages/intl_phone_field/assets/flags/ht.png"],"packages/intl_phone_field/assets/flags/hu.png":["packages/intl_phone_field/assets/flags/hu.png"],"packages/intl_phone_field/assets/flags/id.png":["packages/intl_phone_field/assets/flags/id.png"],"packages/intl_phone_field/assets/flags/ie.png":["packages/intl_phone_field/assets/flags/ie.png"],"packages/intl_phone_field/assets/flags/il.png":["packages/intl_phone_field/assets/flags/il.png"],"packages/intl_phone_field/assets/flags/im.png":["packages/intl_phone_field/assets/flags/im.png"],"packages/intl_phone_field/assets/flags/in.png":["packages/intl_phone_field/assets/flags/in.png"],"packages/intl_phone_field/assets/flags/io.png":["packages/intl_phone_field/assets/flags/io.png"],"packages/intl_phone_field/assets/flags/iq.png":["packages/intl_phone_field/assets/flags/iq.png"],"packages/intl_phone_field/assets/flags/ir.png":["packages/intl_phone_field/assets/flags/ir.png"],"packages/intl_phone_field/assets/flags/is.png":["packages/intl_phone_field/assets/flags/is.png"],"packages/intl_phone_field/assets/flags/it.png":["packages/intl_phone_field/assets/flags/it.png"],"packages/intl_phone_field/assets/flags/je.png":["packages/intl_phone_field/assets/flags/je.png"],"packages/intl_phone_field/assets/flags/jm.png":["packages/intl_phone_field/assets/flags/jm.png"],"packages/intl_phone_field/assets/flags/jo.png":["packages/intl_phone_field/assets/flags/jo.png"],"packages/intl_phone_field/assets/flags/jp.png":["packages/intl_phone_field/assets/flags/jp.png"],"packages/intl_phone_field/assets/flags/ke.png":["packages/intl_phone_field/assets/flags/ke.png"],"packages/intl_phone_field/assets/flags/kg.png":["packages/intl_phone_field/assets/flags/kg.png"],"packages/intl_phone_field/assets/flags/kh.png":["packages/intl_phone_field/assets/flags/kh.png"],"packages/intl_phone_field/assets/flags/ki.png":["packages/intl_phone_field/assets/flags/ki.png"],"packages/intl_phone_field/assets/flags/km.png":["packages/intl_phone_field/assets/flags/km.png"],"packages/intl_phone_field/assets/flags/kn.png":["packages/intl_phone_field/assets/flags/kn.png"],"packages/intl_phone_field/assets/flags/kp.png":["packages/intl_phone_field/assets/flags/kp.png"],"packages/intl_phone_field/assets/flags/kr.png":["packages/intl_phone_field/assets/flags/kr.png"],"packages/intl_phone_field/assets/flags/kw.png":["packages/intl_phone_field/assets/flags/kw.png"],"packages/intl_phone_field/assets/flags/ky.png":["packages/intl_phone_field/assets/flags/ky.png"],"packages/intl_phone_field/assets/flags/kz.png":["packages/intl_phone_field/assets/flags/kz.png"],"packages/intl_phone_field/assets/flags/la.png":["packages/intl_phone_field/assets/flags/la.png"],"packages/intl_phone_field/assets/flags/lb.png":["packages/intl_phone_field/assets/flags/lb.png"],"packages/intl_phone_field/assets/flags/lc.png":["packages/intl_phone_field/assets/flags/lc.png"],"packages/intl_phone_field/assets/flags/li.png":["packages/intl_phone_field/assets/flags/li.png"],"packages/intl_phone_field/assets/flags/lk.png":["packages/intl_phone_field/assets/flags/lk.png"],"packages/intl_phone_field/assets/flags/lr.png":["packages/intl_phone_field/assets/flags/lr.png"],"packages/intl_phone_field/assets/flags/ls.png":["packages/intl_phone_field/assets/flags/ls.png"],"packages/intl_phone_field/assets/flags/lt.png":["packages/intl_phone_field/assets/flags/lt.png"],"packages/intl_phone_field/assets/flags/lu.png":["packages/intl_phone_field/assets/flags/lu.png"],"packages/intl_phone_field/assets/flags/lv.png":["packages/intl_phone_field/assets/flags/lv.png"],"packages/intl_phone_field/assets/flags/ly.png":["packages/intl_phone_field/assets/flags/ly.png"],"packages/intl_phone_field/assets/flags/ma.png":["packages/intl_phone_field/assets/flags/ma.png"],"packages/intl_phone_field/assets/flags/mc.png":["packages/intl_phone_field/assets/flags/mc.png"],"packages/intl_phone_field/assets/flags/md.png":["packages/intl_phone_field/assets/flags/md.png"],"packages/intl_phone_field/assets/flags/me.png":["packages/intl_phone_field/assets/flags/me.png"],"packages/intl_phone_field/assets/flags/mf.png":["packages/intl_phone_field/assets/flags/mf.png"],"packages/intl_phone_field/assets/flags/mg.png":["packages/intl_phone_field/assets/flags/mg.png"],"packages/intl_phone_field/assets/flags/mh.png":["packages/intl_phone_field/assets/flags/mh.png"],"packages/intl_phone_field/assets/flags/mk.png":["packages/intl_phone_field/assets/flags/mk.png"],"packages/intl_phone_field/assets/flags/ml.png":["packages/intl_phone_field/assets/flags/ml.png"],"packages/intl_phone_field/assets/flags/mm.png":["packages/intl_phone_field/assets/flags/mm.png"],"packages/intl_phone_field/assets/flags/mn.png":["packages/intl_phone_field/assets/flags/mn.png"],"packages/intl_phone_field/assets/flags/mo.png":["packages/intl_phone_field/assets/flags/mo.png"],"packages/intl_phone_field/assets/flags/mp.png":["packages/intl_phone_field/assets/flags/mp.png"],"packages/intl_phone_field/assets/flags/mq.png":["packages/intl_phone_field/assets/flags/mq.png"],"packages/intl_phone_field/assets/flags/mr.png":["packages/intl_phone_field/assets/flags/mr.png"],"packages/intl_phone_field/assets/flags/ms.png":["packages/intl_phone_field/assets/flags/ms.png"],"packages/intl_phone_field/assets/flags/mt.png":["packages/intl_phone_field/assets/flags/mt.png"],"packages/intl_phone_field/assets/flags/mu.png":["packages/intl_phone_field/assets/flags/mu.png"],"packages/intl_phone_field/assets/flags/mv.png":["packages/intl_phone_field/assets/flags/mv.png"],"packages/intl_phone_field/assets/flags/mw.png":["packages/intl_phone_field/assets/flags/mw.png"],"packages/intl_phone_field/assets/flags/mx.png":["packages/intl_phone_field/assets/flags/mx.png"],"packages/intl_phone_field/assets/flags/my.png":["packages/intl_phone_field/assets/flags/my.png"],"packages/intl_phone_field/assets/flags/mz.png":["packages/intl_phone_field/assets/flags/mz.png"],"packages/intl_phone_field/assets/flags/na.png":["packages/intl_phone_field/assets/flags/na.png"],"packages/intl_phone_field/assets/flags/nc.png":["packages/intl_phone_field/assets/flags/nc.png"],"packages/intl_phone_field/assets/flags/ne.png":["packages/intl_phone_field/assets/flags/ne.png"],"packages/intl_phone_field/assets/flags/nf.png":["packages/intl_phone_field/assets/flags/nf.png"],"packages/intl_phone_field/assets/flags/ng.png":["packages/intl_phone_field/assets/flags/ng.png"],"packages/intl_phone_field/assets/flags/ni.png":["packages/intl_phone_field/assets/flags/ni.png"],"packages/intl_phone_field/assets/flags/nl.png":["packages/intl_phone_field/assets/flags/nl.png"],"packages/intl_phone_field/assets/flags/no.png":["packages/intl_phone_field/assets/flags/no.png"],"packages/intl_phone_field/assets/flags/np.png":["packages/intl_phone_field/assets/flags/np.png"],"packages/intl_phone_field/assets/flags/nr.png":["packages/intl_phone_field/assets/flags/nr.png"],"packages/intl_phone_field/assets/flags/nu.png":["packages/intl_phone_field/assets/flags/nu.png"],"packages/intl_phone_field/assets/flags/nz.png":["packages/intl_phone_field/assets/flags/nz.png"],"packages/intl_phone_field/assets/flags/om.png":["packages/intl_phone_field/assets/flags/om.png"],"packages/intl_phone_field/assets/flags/pa.png":["packages/intl_phone_field/assets/flags/pa.png"],"packages/intl_phone_field/assets/flags/pe.png":["packages/intl_phone_field/assets/flags/pe.png"],"packages/intl_phone_field/assets/flags/pf.png":["packages/intl_phone_field/assets/flags/pf.png"],"packages/intl_phone_field/assets/flags/pg.png":["packages/intl_phone_field/assets/flags/pg.png"],"packages/intl_phone_field/assets/flags/ph.png":["packages/intl_phone_field/assets/flags/ph.png"],"packages/intl_phone_field/assets/flags/pk.png":["packages/intl_phone_field/assets/flags/pk.png"],"packages/intl_phone_field/assets/flags/pl.png":["packages/intl_phone_field/assets/flags/pl.png"],"packages/intl_phone_field/assets/flags/pm.png":["packages/intl_phone_field/assets/flags/pm.png"],"packages/intl_phone_field/assets/flags/pn.png":["packages/intl_phone_field/assets/flags/pn.png"],"packages/intl_phone_field/assets/flags/pr.png":["packages/intl_phone_field/assets/flags/pr.png"],"packages/intl_phone_field/assets/flags/ps.png":["packages/intl_phone_field/assets/flags/ps.png"],"packages/intl_phone_field/assets/flags/pt.png":["packages/intl_phone_field/assets/flags/pt.png"],"packages/intl_phone_field/assets/flags/pw.png":["packages/intl_phone_field/assets/flags/pw.png"],"packages/intl_phone_field/assets/flags/py.png":["packages/intl_phone_field/assets/flags/py.png"],"packages/intl_phone_field/assets/flags/qa.png":["packages/intl_phone_field/assets/flags/qa.png"],"packages/intl_phone_field/assets/flags/re.png":["packages/intl_phone_field/assets/flags/re.png"],"packages/intl_phone_field/assets/flags/ro.png":["packages/intl_phone_field/assets/flags/ro.png"],"packages/intl_phone_field/assets/flags/rs.png":["packages/intl_phone_field/assets/flags/rs.png"],"packages/intl_phone_field/assets/flags/ru.png":["packages/intl_phone_field/assets/flags/ru.png"],"packages/intl_phone_field/assets/flags/rw.png":["packages/intl_phone_field/assets/flags/rw.png"],"packages/intl_phone_field/assets/flags/sa.png":["packages/intl_phone_field/assets/flags/sa.png"],"packages/intl_phone_field/assets/flags/sb.png":["packages/intl_phone_field/assets/flags/sb.png"],"packages/intl_phone_field/assets/flags/sc.png":["packages/intl_phone_field/assets/flags/sc.png"],"packages/intl_phone_field/assets/flags/sd.png":["packages/intl_phone_field/assets/flags/sd.png"],"packages/intl_phone_field/assets/flags/se.png":["packages/intl_phone_field/assets/flags/se.png"],"packages/intl_phone_field/assets/flags/sg.png":["packages/intl_phone_field/assets/flags/sg.png"],"packages/intl_phone_field/assets/flags/sh.png":["packages/intl_phone_field/assets/flags/sh.png"],"packages/intl_phone_field/assets/flags/si.png":["packages/intl_phone_field/assets/flags/si.png"],"packages/intl_phone_field/assets/flags/sj.png":["packages/intl_phone_field/assets/flags/sj.png"],"packages/intl_phone_field/assets/flags/sk.png":["packages/intl_phone_field/assets/flags/sk.png"],"packages/intl_phone_field/assets/flags/sl.png":["packages/intl_phone_field/assets/flags/sl.png"],"packages/intl_phone_field/assets/flags/sm.png":["packages/intl_phone_field/assets/flags/sm.png"],"packages/intl_phone_field/assets/flags/sn.png":["packages/intl_phone_field/assets/flags/sn.png"],"packages/intl_phone_field/assets/flags/so.png":["packages/intl_phone_field/assets/flags/so.png"],"packages/intl_phone_field/assets/flags/sr.png":["packages/intl_phone_field/assets/flags/sr.png"],"packages/intl_phone_field/assets/flags/ss.png":["packages/intl_phone_field/assets/flags/ss.png"],"packages/intl_phone_field/assets/flags/st.png":["packages/intl_phone_field/assets/flags/st.png"],"packages/intl_phone_field/assets/flags/sv.png":["packages/intl_phone_field/assets/flags/sv.png"],"packages/intl_phone_field/assets/flags/sx.png":["packages/intl_phone_field/assets/flags/sx.png"],"packages/intl_phone_field/assets/flags/sy.png":["packages/intl_phone_field/assets/flags/sy.png"],"packages/intl_phone_field/assets/flags/sz.png":["packages/intl_phone_field/assets/flags/sz.png"],"packages/intl_phone_field/assets/flags/tc.png":["packages/intl_phone_field/assets/flags/tc.png"],"packages/intl_phone_field/assets/flags/td.png":["packages/intl_phone_field/assets/flags/td.png"],"packages/intl_phone_field/assets/flags/tf.png":["packages/intl_phone_field/assets/flags/tf.png"],"packages/intl_phone_field/assets/flags/tg.png":["packages/intl_phone_field/assets/flags/tg.png"],"packages/intl_phone_field/assets/flags/th.png":["packages/intl_phone_field/assets/flags/th.png"],"packages/intl_phone_field/assets/flags/tj.png":["packages/intl_phone_field/assets/flags/tj.png"],"packages/intl_phone_field/assets/flags/tk.png":["packages/intl_phone_field/assets/flags/tk.png"],"packages/intl_phone_field/assets/flags/tl.png":["packages/intl_phone_field/assets/flags/tl.png"],"packages/intl_phone_field/assets/flags/tm.png":["packages/intl_phone_field/assets/flags/tm.png"],"packages/intl_phone_field/assets/flags/tn.png":["packages/intl_phone_field/assets/flags/tn.png"],"packages/intl_phone_field/assets/flags/to.png":["packages/intl_phone_field/assets/flags/to.png"],"packages/intl_phone_field/assets/flags/tr.png":["packages/intl_phone_field/assets/flags/tr.png"],"packages/intl_phone_field/assets/flags/tt.png":["packages/intl_phone_field/assets/flags/tt.png"],"packages/intl_phone_field/assets/flags/tv.png":["packages/intl_phone_field/assets/flags/tv.png"],"packages/intl_phone_field/assets/flags/tw.png":["packages/intl_phone_field/assets/flags/tw.png"],"packages/intl_phone_field/assets/flags/tz.png":["packages/intl_phone_field/assets/flags/tz.png"],"packages/intl_phone_field/assets/flags/ua.png":["packages/intl_phone_field/assets/flags/ua.png"],"packages/intl_phone_field/assets/flags/ug.png":["packages/intl_phone_field/assets/flags/ug.png"],"packages/intl_phone_field/assets/flags/um.png":["packages/intl_phone_field/assets/flags/um.png"],"packages/intl_phone_field/assets/flags/us.png":["packages/intl_phone_field/assets/flags/us.png"],"packages/intl_phone_field/assets/flags/uy.png":["packages/intl_phone_field/assets/flags/uy.png"],"packages/intl_phone_field/assets/flags/uz.png":["packages/intl_phone_field/assets/flags/uz.png"],"packages/intl_phone_field/assets/flags/va.png":["packages/intl_phone_field/assets/flags/va.png"],"packages/intl_phone_field/assets/flags/vc.png":["packages/intl_phone_field/assets/flags/vc.png"],"packages/intl_phone_field/assets/flags/ve.png":["packages/intl_phone_field/assets/flags/ve.png"],"packages/intl_phone_field/assets/flags/vg.png":["packages/intl_phone_field/assets/flags/vg.png"],"packages/intl_phone_field/assets/flags/vi.png":["packages/intl_phone_field/assets/flags/vi.png"],"packages/intl_phone_field/assets/flags/vn.png":["packages/intl_phone_field/assets/flags/vn.png"],"packages/intl_phone_field/assets/flags/vu.png":["packages/intl_phone_field/assets/flags/vu.png"],"packages/intl_phone_field/assets/flags/wf.png":["packages/intl_phone_field/assets/flags/wf.png"],"packages/intl_phone_field/assets/flags/ws.png":["packages/intl_phone_field/assets/flags/ws.png"],"packages/intl_phone_field/assets/flags/xk.png":["packages/intl_phone_field/assets/flags/xk.png"],"packages/intl_phone_field/assets/flags/ye.png":["packages/intl_phone_field/assets/flags/ye.png"],"packages/intl_phone_field/assets/flags/yt.png":["packages/intl_phone_field/assets/flags/yt.png"],"packages/intl_phone_field/assets/flags/za.png":["packages/intl_phone_field/assets/flags/za.png"],"packages/intl_phone_field/assets/flags/zm.png":["packages/intl_phone_field/assets/flags/zm.png"],"packages/intl_phone_field/assets/flags/zw.png":["packages/intl_phone_field/assets/flags/zw.png"]}